id;hash;url_base;token
1;Minor Principal New;Toys;salmon Soap Kids
2;deposit digital Sports;alarm Ball Account;Singapore
3;Supervisor card;Virginia Soft;Investor Frozen Incredible
4;parse Paradigm;upward-trending Palladium;North
5;Shoes;Engineer paradigm;vertical Practical Checking
6;infrastructures Flats Soap;interface;online Games
7;Music;Berkshire;benchmark global
8;Lead;Malaysia;orange
9;ROI Savings;reboot Intelligent Chair;Fantastic Engineer Tuna
10;payment Passage Configuration;Isle;Wisconsin fault-tolerant
